"本社","本社"
"内部統制・監査部","内部統制・監査部"
"内部統制・監査部内部統制評価グループ","内部統制・監査部"
"内部統制・監査部経営監査グループ","内部統制・監査部"
"内部統制・監査部リスクマネジメントグループ","内部統制・監査部"
"食品安全管理部","食品安全管理部"
"法務・食品安全管理部","法務・食品安全管理部"
"食品安全管理部食品安全管理課","食品安全管理部"
"食品安全管理部品質・規格管理課","食品安全管理部"
"食品安全管理部所属出向【伊藤忠商事株式会社】","食品安全管理部"
"事業管理・審査部","事業管理・審査部"
"事業管理・審査部審査課","事業管理・審査部"
"事業管理・審査部事業管理課","事業管理・審査部"
"法務・コンプライアン部","法務・コンプライアン部"
"法務・コンプライアンス部法務・コンプライアンス課","法務・コンプライアンス部"
"法務・コンプライアン部所属出向【伊藤忠商事株式会社】","法務・コンプライアン部"
"総合企画部","総合企画部"
"総合企画部経営企画課","総合企画部"
"総合企画部経営管理課","総合企画部"
"総合企画部秘書室","総合企画部"
"総合企画部戦略統括課","総合企画部"
"総合企画部ＢＰＲ統括課","総合企画部"
"広報・サステナビリティ推進部","広報・サステナビリティ推進部"
"広報・サステナビリティ推進部広報課","広報・サステナビリティ推進部"
"広報・サステナビリティ推進部サスティナビリティ推進課","広報・サステナビリティ推進部"
"財務経理部","財務経理部"
"財務経理部経理課","財務経理部"
"財務経理部総括課","財務経理部"
"財務経理部財務課","財務経理部"
"財務経理部管理第１課","財務経理部"
"財務経理部管理第２課","財務経理部"
"財務経理部所属出向【伊藤忠商事株式会社】","財務経理部"
"事務管理部","事務管理部"
"事務管理部売掛金管理課","事務管理部"
"事務管理部業務管理課","事務管理部"
"事務管理部買掛金・リベート管理第１課","事務管理部"
"事務管理部買掛金・リベート管理第２課","事務管理部"
"管理部","管理部"
"人事・総務部","人事・総務部"
"人事・総務部人材開発課","人事・総務部"
"人事・総務部人事企画課","人事・総務部"
"人事・総務部給与厚生課","人事・総務部"
"人事・総務部健康管理課","人事・総務部"
"人事・総務部人材採用課","人事・総務部"
"人事・総務部総務課","人事・総務部"
"人事・総務部ビジネスサポート課","人事・総務部"
"マーケティング部","マーケティング部"
"マーケティング部所属出向【Ｄ＆Ｓソリューションズ株式会社】","マーケティング部"
"マーケティング部所属出向【株式会社ジャパンインフォレックス】","マーケティング部"
"マーケティング部戦略課","マーケティング部"
"マーケティング部企画推進課","マーケティング部"
"マーケティング部デジタルマーケティング課","マーケティング部"
"アクセスブランド商品開発部","アクセスブランド商品開発部"
"アクセスブランド商品開発部開発・推進課","アクセスブランド商品開発部"
"リテールソリューション部","リテールソリューション部"
"リテールソリューション部リテールソリューション第１課","リテールソリューション部"
"リテールソリューション部リテールソリューション第２課","リテールソリューション部"
"リテールソリューション部セールスソリューション課","リテールソリューション部"
"次世代ビジネス営業部","次世代ビジネス営業部"
"次世代ビジネス営業部営業課","次世代ビジネス営業部"
"次世代ビジネス営業部企画課","次世代ビジネス営業部"
"次世代ビジネス営業部土浦ＥＣ物流センター","次世代ビジネス営業部"
"ノンフードビジネス営業部","ノンフードビジネス営業部"
"ノンフードビジネス営業部営業課","ノンフードビジネス営業部"
"ＩＣＴ企画部","ＩＣＴ企画部"
"ＩＣＴ企画部企画統括課","ＩＣＴ企画部"
"ＩＣＴ企画部技術統括課","ＩＣＴ企画部"
"ＩＣＴ企画部業務改善推進課","ＩＣＴ企画部"
"ＩＣＴ開発部","ＩＣＴ開発部"
"ＩＣＴ開発部開発第１課","ＩＣＴ開発部"
"ＩＣＴ開発部開発第２課","ＩＣＴ開発部"
"ＩＣＴ開発部開発第３課","ＩＣＴ開発部"
"ＩＣＴ開発部開発第４課","ＩＣＴ開発部"
"ＩＣＴ開発部開発第５課","ＩＣＴ開発部"
"ＩＣＴ開発部新物流システムプロジェクト室","ＩＣＴ開発部"
"ＩＣＴ運用部","ＩＣＴ運用部"
"ＩＣＴ運用部運用統括課","ＩＣＴ運用部"
"ＩＣＴ運用部運用管理課","ＩＣＴ運用部"
"業務用・デリカＭＤ部","業務用・デリカＭＤ部"
"業務用・デリカＭＤ部業務用ＭＤ第１課","業務用・デリカＭＤ部"
"業務用・デリカＭＤ部業務用ＭＤ第２課","業務用・デリカＭＤ部"
"業務用・デリカＭＤ部営業推進課","業務用・デリカＭＤ部"
"生鮮第２営業部","生鮮第２営業部"
"生鮮第２営業部農産営業第１課（輸入）","生鮮第２営業部"
"生鮮第２営業部農産営業第２課（ＡＦＰ兵庫）","生鮮第２営業部"
"生鮮第２営業部農産営業第３課（輸入）","生鮮第２営業部"
"生鮮受発注業務部","生鮮受発注業務部"
"生鮮受発注業務部受発注業務第１課","生鮮受発注業務部"
"生鮮受発注業務部受発注業務第２課","生鮮受発注業務部"
"生鮮第１営業部","生鮮第１営業部"
"生鮮第１営業部生鮮原料課","生鮮第１営業部"
"生鮮第１営業部生鮮製品第１課","生鮮第１営業部"
"生鮮第１営業部生鮮製品第２課（西日本）","生鮮第１営業部"
"デリカ商品開発部","デリカ商品開発部"
"デリカ商品開発部デリカマーケティング課","デリカ商品開発部"
"デリカ商品開発部デリカ商品開発課","デリカ商品開発部"
"デリカ事業統括部","デリカ事業統括部"
"デリカ事業統括部デリカ事業企画課","デリカ事業統括部"
"デリカ事業統括部デリカ事業管理課","デリカ事業統括部"
"生鮮事業統括部","生鮮事業統括部"
"生鮮事業統括部生鮮事業企画課","生鮮事業統括部"
"生鮮事業統括部営業推進第１課","生鮮事業統括部"
"生鮮事業統括部営業推進第２課（西日本）","生鮮事業統括部"
"生鮮事業統括部営業推進第３課","生鮮事業統括部"
"ロジスティクス企画部","ロジスティクス企画部"
"ロジスティクス企画部ロジスティクス企画課","ロジスティクス企画部"
"ロジスティクス企画部汎用物流課","ロジスティクス企画部"
"ロジスティクス管理部","ロジスティクス管理部"
"ロジスティクス管理部物流資産・品質管理課","ロジスティクス管理部"
"ロジスティクス管理部ロジスティクス管理課","ロジスティクス管理部"
"ロジスティクス戦略室","ロジスティクス戦略室"
"ロジスティクス戦略室事業企画課","ロジスティクス戦略室"
"ロジスティクス戦略室関東フローズンマザー物流センター","ロジスティクス戦略室"
"物流構造改革推進室","物流構造改革推進室"
"加工食品ＭＤ部","加工食品ＭＤ部"
"加工食品ＭＤ部加工食品課","加工食品ＭＤ部"
"チルド食品ＭＤ部","チルド食品ＭＤ部"
"チルド食品ＭＤ部和日配課","チルド食品ＭＤ部"
"チルド食品ＭＤ部洋日配課","チルド食品ＭＤ部"
"チルド食品ＭＤ部乳製品課","チルド食品ＭＤ部"
"チルド食品ＭＤ部チルド戦略課","チルド食品ＭＤ部"
"フローズン食品ＭＤ部","フローズン食品ＭＤ部"
"フローズン食品ＭＤ部冷凍食品課","フローズン食品ＭＤ部"
"フローズン食品ＭＤ部アイスクリーム課","フローズン食品ＭＤ部"
"乾物乾麺ＭＤ部","乾物乾麺ＭＤ部"
"乾物乾麺ＭＤ部乾物乾麺課","乾物乾麺ＭＤ部"
"乾物乾麺ＭＤ部販売促進第１課","乾物乾麺ＭＤ部"
"乾物乾麺ＭＤ部販売促進第２課（西日本）","乾物乾麺ＭＤ部"
"酒類ＭＤ部","酒類ＭＤ部"
"酒類ＭＤ部酒類販売課","酒類ＭＤ部"
"酒類ＭＤ部ＣＶＳ営業推進課","酒類ＭＤ部"
"酒類ＭＤ部所属出向【株式会社ファミリーマート】","酒類ＭＤ部"
"菓子ＭＤ部","菓子ＭＤ部"
"菓子ＭＤ部菓子課","菓子ＭＤ部"
"海外事業部","海外事業部"
"海外事業部海外市場開発課","海外事業部"
"海外事業部貿易課","海外事業部"
"原料営業部","原料営業部"
"原料営業部原料営業第１課","原料営業部"
"原料営業部原料営業第２課（西日本）","原料営業部"
"原料営業部原料営業第３課（福岡）","原料営業部"
"商品統括・マーケティング戦略室","商品統括・マーケティング戦略室"
"商品統括・マーケティング戦略室企画統括課","商品統括・マーケティング戦略室"
"商品統括・マーケティング戦略室商品管理課","商品統括・マーケティング戦略室"
"商品統括・マーケティング戦略室物流業務課","商品統括・マーケティング戦略室"
"商品統括・マーケティング戦略室物流企画課","商品統括・マーケティング戦略室"
"東北商品部","東北商品部"
"東北商品部商品課","東北商品部"
"関東商品部","関東商品部"
"関東商品部商品第１課","関東商品部"
"関東商品部商品第２課","関東商品部"
"関東商品部商品統括課","関東商品部"
"中部商品部","中部商品部"
"中部商品部商品課","中部商品部"
"近畿商品部","近畿商品部"
"近畿商品部商品第１課","近畿商品部"
"近畿商品部商品第２課","近畿商品部"
"近畿商品部商品統括課","近畿商品部"
"中四国商品部","中四国商品部"
"中四国商品部商品課","中四国商品部"
"九州商品部","九州商品部"
"九州商品部商品課","九州商品部"
"マスタ管理部マスタ管理第２課","マスタ管理部"
"広域営業部門広域チェーン第１営業部","広域営業部門広域チェーン第１営業部"
"広域営業部門広域チェーン第１営業部営業第１課","広域営業部門広域チェーン第１営業部"
"広域営業部門広域チェーン第１営業部営業第２課","広域営業部門広域チェーン第１営業部"
"広域営業部門広域チェーン第１営業部営業第３課","広域営業部門広域チェーン第１営業部"
"広域営業部門広域チェーン第２営業部","広域営業部門広域チェーン第２営業部"
"広域営業部門広域チェーン第２営業部営業第１課","広域営業部門広域チェーン第２営業部"
"広域営業部門広域チェーン第２営業部営業第３課","広域営業部門広域チェーン第２営業部"
"広域営業部門広域チェーン第２営業部営業第２課","広域営業部門広域チェーン第２営業部"
"広域営業部門ドラッグストア第１営業部店舗運営サポート課","広域営業部門ドラッグストア第１営業部"
"広域営業部門広域チェーン第３営業部","広域営業部門広域チェーン第３営業部"
"広域営業部門広域チェーン第３営業部営業第１課","広域営業部門広域チェーン第３営業部"
"広域営業部門広域チェーン第３営業部営業第２課","広域営業部門広域チェーン第３営業部"
"広域営業部門広域チェーン第３営業部営業第３課","広域営業部門広域チェーン第３営業部"
"広域営業部門広域チェーン第６営業部","広域営業部門広域チェーン第６営業部"
"広域営業部門広域チェーン第６営業部営業第１課","広域営業部門広域チェーン第６営業部"
"広域営業部門広域チェーン第６営業部営業第２課（名古屋）","広域営業部門広域チェーン第６営業部"
"広域営業部門広域チェーン第６営業部営業第３課（西日本）","広域営業部門広域チェーン第６営業部"
"広域営業部門ドラッグストア第１営業部","広域営業部門ドラッグストア第１営業部"
"広域営業部門ドラッグストア第１営業部営業第１課","広域営業部門ドラッグストア第１営業部"
"広域営業部門ドラッグストア第１営業部営業第２課","広域営業部門ドラッグストア第１営業部"
"広域営業部門ドラッグストア第１営業部営業第３課","広域営業部門ドラッグストア第１営業部"
"広域営業部門ドラッグストア第１営業部ＴＰＬＣ運営課","広域営業部門ドラッグストア第１営業部"
"広域営業部門ドラッグストア第１営業部仙台宮城野広域ＴＰＬセンター","広域営業部門ドラッグストア第１営業部"
"広域営業部門ドラッグストア第１営業部甲子園広域ＴＰＬセンター","広域営業部門ドラッグストア第１営業部"
"広域営業部門ドラッグストア第２営業部","広域営業部門ドラッグストア第２営業部"
"広域営業部門ドラッグストア第２営業部営業第１課","広域営業部門ドラッグストア第２営業部"
"広域営業部門ドラッグストア第２営業部営業第２課","広域営業部門ドラッグストア第２営業部"
"広域営業部門広域チェーン第４営業部（北関東）","広域営業部門広域チェーン第４営業部"
"広域営業部門広域チェーン第４営業部（北関東）営業１課（北関東）","広域営業部門広域チェーン第４営業部"
"広域営業部門広域チェーン第４営業部（北関東）営業２課（北関東）","広域営業部門広域チェーン第４営業部"
"広域営業部門広域チェーン第５営業部","広域営業部門広域チェーン第５営業部"
"広域営業部門広域チェーン第５営業部営業第１課","広域営業部門広域チェーン第５営業部"
"広域営業部門広域チェーン第５営業部営業第２課","広域営業部門広域チェーン第５営業部"
"広域営業部門広域チェーン第５営業部営業第３課","広域営業部門広域チェーン第５営業部"
"広域営業部門生協営業部","広域営業部門生協営業部"
"広域営業部門生協営業部営業第１課","広域営業部門生協営業部"
"広域営業部門生協営業部営業第２課","広域営業部門生協営業部"
"広域営業部門広域生鮮・デリカ営業部","広域営業部門広域生鮮・デリカ営業部"
"広域営業部門広域生鮮・デリカ営業部所属出向【カネ美食品株式会社】","広域営業部門広域生鮮・デリカ営業部"
"広域営業部門広域生鮮・デリカ営業部営業第１課","広域営業部門広域生鮮・デリカ営業部"
"広域営業部門広域生鮮・デリカ営業部営業第２課","広域営業部門広域生鮮・デリカ営業部"
"外食流通営業部門","外食流通営業部門"
"外食流通営業部門フードサービス総合支店","外食流通営業部門"
"外食流通営業部門フードサービス総合支店営業第１課","外食流通営業部門フードサービス総合支店"
"外食流通営業部門フードサービス総合支店営業第２課","外食流通営業部門フードサービス総合支店"
"外食流通営業部門フードサービス総合支店物流１課","外食流通営業部門フードサービス総合支店"
"外食流通営業部門フードサービス総合支店ＴＰＬＣ運営第１課","外食流通営業部門フードサービス総合支店"
"外食流通営業部門フードサービス総合支店物流２課","外食流通営業部門フードサービス総合支店"
"外食流通営業部門フードサービス総合支店長沼ＦＳ物流センター","外食流通営業部門フードサービス総合支店"
"外食流通営業部門フードサービス総合支店総武ＦＳ物流センター","外食流通営業部門フードサービス総合支店"
"外食流通営業部門フードサービス総合支店名古屋ＦＳ物流センター","外食流通営業部門フードサービス総合支店"
"外食流通営業部門フードサービス総合支店営業第３課（西日本）","外食流通営業部門フードサービス総合支店"
"外食流通営業部門フードサービス総合支店物流第３課（西日本）","外食流通営業部門フードサービス総合支店"
"外食流通営業部門企画統括部","外食流通営業部門企画統括部"
"外食流通営業部門企画統括部企画統括課","外食流通営業部門企画統括部"
"外食流通営業部門企画統括部新規営業課","外食流通営業部門企画統括部"
"外食流通営業部門企画統括部ＢＰＲ推進課","外食流通営業部門企画統括部"
"外食流通営業部門外食流通商品部","外食流通営業部門外食流通商品部"
"外食流通営業部門外食流通商品部商品企画課","外食流通営業部門外食流通商品部"
"外食流通営業部門外食流通物流部","外食流通営業部門外食流通物流部"
"外食流通営業部門外食流通物流部物流企画課","外食流通営業部門外食流通物流部"
"外食流通営業部門外食流通物流部物流管理課","外食流通営業部門外食流通物流部"
"外食流通営業部門管理部","外食流通営業部門管理部"
"外食流通営業部門管理部管理統括課","外食流通営業部門管理部"
"外食流通営業部門フードサービス総合支店業務用卸営業課","外食流通営業部門フードサービス総合支店"
"外食流通営業部門外食ＤＣＭ営業部","外食流通営業部門外食ＤＣＭ営業部"
"外食流通営業部門外食ＤＣＭ営業部営業第１課","外食流通営業部門外食ＤＣＭ営業部"
"外食流通営業部門外食ＤＣＭ営業部営業第２課","外食流通営業部門外食ＤＣＭ営業部"
"外食流通営業部門外食ＤＣＭ営業部営業推進課","外食流通営業部門外食ＤＣＭ営業部"
"外食流通営業部門外食ＤＣＭ営業部物流業務課","外食流通営業部門外食ＤＣＭ営業部"
"外食流通営業部門外食ＤＣＭ営業部営業第３課","外食流通営業部門外食ＤＣＭ営業部"
"外食流通営業部門外食ＤＣＭ営業部営業第４課（西日本）","外食流通営業部門外食ＤＣＭ営業部"
"外食流通営業部門チェーンサポート部","外食流通営業部門チェーンサポート部"
"外食流通営業部門チェーンサポート部チェーンサポート課","外食流通営業部門チェーンサポート部"
"外食流通営業部門チェーンサポート部物流課","外食流通営業部門チェーンサポート部"
"外食流通営業部門外食ＤＣＭ営業部運営サポート課","外食流通営業部門外食ＤＣＭ営業部"
"東日本営業部門","東日本営業部門"
"東日本営業部門企画統括部","東日本営業部門企画統括部"
"東日本営業部門企画統括部企画統括課","東日本営業部門企画統括部"
"東日本営業部門企画統括部東北営業企画課","東日本営業部門企画統括部"
"東日本営業部門企画統括部関東営業企画課","東日本営業部門企画統括部"
"東日本営業部門企画統括部中部営業企画課","東日本営業部門企画統括部"
"東日本営業部門企画統括部ＢＰＲ推進課","東日本営業部門企画統括部"
"東日本営業部門生鮮・食材ＳＣＭ部水産ＳＣＭ課","東日本営業部門生鮮・食材ＳＣＭ部"
"東日本営業部門物流統括部","東日本営業部門物流統括部"
"東日本営業部門物流統括部物流企画課","東日本営業部門物流統括部"
"東日本営業部門物流推進部汎用物流課","東日本営業部門物流推進部"
"東日本営業部門物流統括部物流管理課","東日本営業部門物流統括部"
"東日本営業部門３ＰＬ事業部","東日本営業部門３ＰＬ事業部"
"東日本営業部門３ＰＬ事業部３ＰＬ事業推進課","東日本営業部門３ＰＬ事業部"
"東日本営業部門３ＰＬ事業部３ＰＬ事業管理課","東日本営業部門３ＰＬ事業部"
"東日本営業部門物流推進部","東日本営業部門物流推進部"
"東日本営業部門物流推進部ロジスティクス営業課","東日本営業部門物流推進部"
"東日本営業部門管理部","東日本営業部門管理部"
"東日本営業部門管理部管理統括課","東日本営業部門管理部"
"東日本営業部門管理部東北管理課","東日本営業部門管理部"
"東日本営業部門管理部関東管理課","東日本営業部門管理部"
"東日本営業部門管理部中部管理課","東日本営業部門管理部"
"東日本営業部門管理部事務サポート課（東北）","東日本営業部門管理部"
"広域営業部門","広域営業部門"
"広域営業部門企画統括部所属出向【エイ・ケイ・フランチャイズシステム株式会社】","広域営業部門企画統括部"
"広域営業部門企画統括部所属出向【株式会社SHINKOロジ】","広域営業部門企画統括部"
"広域営業部門企画統括部","広域営業部門企画統括部"
"広域営業部門企画統括部企画統括第１課","広域営業部門企画統括部"
"広域営業部門企画統括部企画統括第２課","広域営業部門企画統括部"
"広域営業部門企画統括部ＤＸ推進課","広域営業部門企画統括部"
"広域営業部門広域ＭＤサポート部","広域営業部門広域ＭＤサポート部"
"広域営業部門広域ＭＤサポート部ＭＤ企画課","広域営業部門広域ＭＤサポート部"
"広域営業部門広域ＭＤサポート部マスタ管理課","広域営業部門広域ＭＤサポート部"
"広域営業部門広域チェーン地区営業部","広域営業部門広域チェーン地区営業部"
"広域営業部門広域チェーン地区営業部中部地区営業課","広域営業部門広域チェーン地区営業部"
"広域営業部門広域チェーン地区営業部近畿・中四国地区営業第１課","広域営業部門広域チェーン地区営業部"
"広域営業部門広域チェーン地区営業部九州地区営業課","広域営業部門広域チェーン地区営業部"
"広域営業部門広域チェーン地区営業部近畿・中四国地区営業第２課","広域営業部門広域チェーン地区営業部"
"広域営業部門ＣＧＣ営業推進部","広域営業部門ＣＧＣ営業推進部"
"広域営業部門ＣＧＣ営業推進部営業推進課","広域営業部門ＣＧＣ営業推進部"
"広域営業部門ＣＧＣ営業推進部所属出向【株式会社シジシージャパン】","広域営業部門ＣＧＣ営業推進部"
"広域営業部門管理部","広域営業部門管理部"
"広域営業部門管理部管理統括課","広域営業部門管理部"
"広域営業部門管理部営業管理課","広域営業部門管理部"
"広域営業部門事業戦略推進室","広域営業部門"
"広域営業部門事業戦略推進室事業統括課","広域営業部門事業戦略推進室"
"広域営業部門事業戦略推進室物流戦略推進課","広域営業部門事業戦略推進室"
"広域営業部門事業戦略推進室南九州運営課","広域営業部門事業戦略推進室"
"広域営業部門事業戦略推進室沖縄運営課","広域営業部門事業戦略推進室"
"広域営業部門広域チェーン物流部","広域営業部門広域チェーン物流部"
"広域営業部門広域チェーン物流部広域チェーン物流企画課","広域営業部門広域チェーン物流部"
"広域営業部門広域チェーン物流部広域チェーン物流推進課","広域営業部門広域チェーン物流部"
"広域営業部門広域受発注業務部","広域営業部門広域受発注業務部"
"広域営業部門広域受発注業務部受発注業務第１課","広域営業部門広域受発注業務部"
"広域営業部門広域受発注業務部受発注業務第２課（西日本）","広域営業部門広域受発注業務部"
"広域営業部門広域受発注業務部受発注管理課","広域営業部門広域受発注業務部"
"広域営業部門ＣＶＳ統括営業部","広域営業部門ＣＶＳ統括営業部"
"広域営業部門ＣＶＳ統括営業部加工食品課","広域営業部門ＣＶＳ統括営業部"
"広域営業部門ＣＶＳ統括営業部飲料課","広域営業部門ＣＶＳ統括営業部"
"広域営業部門ＣＶＳ統括営業部所属出向【株式会社ファミリーマート】","広域営業部門ＣＶＳ統括営業部"
"広域営業部門ＣＶＳ統括営業部所属出向【伊藤忠商事株式会社】","広域営業部門ＣＶＳ統括営業部"
"広域営業部門ＣＶＳ統括営業部チルド飲料・デザート課","広域営業部門ＣＶＳ統括営業部"
"広域営業部門ＣＶＳチルド食品営業部営業第３課","広域営業部門ＣＶＳチルド食品営業部"
"広域営業部門事業戦略推進室所属出向【株式会社沖縄ファミリーマート】","広域営業部門事業戦略推進室"
"広域営業部門ＣＶＳ統括営業部日配・惣菜課","広域営業部門ＣＶＳ統括営業部"
"広域営業部門ＣＶＳ統括営業部アイス・冷凍食品課","広域営業部門ＣＶＳ統括営業部"
"広域営業部門ＣＶＳ統括営業部ファストフーズ課","広域営業部門ＣＶＳ統括営業部"
"広域営業部門ＣＶＳ統括営業部カフェ・スチーマー課","広域営業部門ＣＶＳ統括営業部"
"広域営業部門ＣＶＳ統括営業部営業サポート課","広域営業部門ＣＶＳ統括営業部"
"広域営業部門ＣＶＳソリューション開発部ソリューション開発課","広域営業部門ＣＶＳソリューション開発部"
"広域営業部門ＣＶＳソリューション開発部ソリューション推進課","広域営業部門ＣＶＳソリューション開発部"
"広域営業部門広域ロジスティクス営業部","広域営業部門広域ロジスティクス営業部"
"広域営業部門広域ロジスティクス営業部ロジスティクス営業課","広域営業部門広域ロジスティクス営業部"
"広域営業部門広域ロジスティクス営業部食材・幹線物流課","広域営業部門広域ロジスティクス営業部"
"広域営業部門ＣＶＳ物流改革推進部","広域営業部門ＣＶＳ物流改革推進部"
"広域営業部門ＣＶＳ物流改革推進部ＣＶＳ物流改革推進第３課","広域営業部門ＣＶＳ物流改革推進部"
"広域営業部門ＣＶＳ物流統括部","広域営業部門ＣＶＳ物流統括部"
"広域営業部門ＣＶＳ物流統括部物流企画課","広域営業部門ＣＶＳ物流統括部"
"広域営業部門ＣＶＳ物流統括部物流管理課","広域営業部門ＣＶＳ物流統括部"
"広域営業部門ＣＶＳ物流改革推進部ＣＶＳ物流改革推進第１課","広域営業部門ＣＶＳ物流改革推進部"
"広域営業部門ＣＶＳ物流改革推進部ＣＶＳ物流改革推進第２課","広域営業部門ＣＶＳ物流改革推進部"
"広域営業部門ＣＶＳ物流改革推進部ＣＶＳ物流改革推進管理課","広域営業部門ＣＶＳ物流改革推進部"
"広域営業部門ＣＶＳ物流改革推進部所属出向【株式会社ファミリーマート】","広域営業部門ＣＶＳ物流改革推進部"
"広域営業部門広域東北物流支店","広域営業部門広域東北物流支店"
"広域営業部門広域東北物流支店ＴＰＬＣ運営課","広域営業部門広域東北物流支店"
"広域営業部門ドラッグストア第１営業部郡山広域ＴＰＬセンター","広域営業部門ドラッグストア第１営業部"
"広域営業部門広域東北物流支店北海道物流営業所","広域営業部門広域東北物流支店"
"広域営業部門広域東北物流支店北東北物流営業所","広域営業部門広域東北物流支店"
"広域営業部門広域関東物流支店ＴＰＬＣ運営課","広域営業部門広域関東物流支店"
"広域営業部門広域チェーン第４営業部北関東太田生鮮広域ＴＰＬセンター","広域営業部門広域チェーン第４営業部"
"広域営業部門広域チェーン第４営業部高崎生鮮広域ＴＰＬセンター","広域営業部門広域チェーン第４営業部"
"広域営業部門広域チェーン第４営業部印西生鮮広域ＴＰＬセンター","広域営業部門広域チェーン第４営業部"
"広域営業部門広域チェーン第４営業部長野生鮮広域ＴＰＬセンター","広域営業部門広域チェーン第４営業部"
"広域営業部門広域チェーン第４営業部東海生鮮広域ＴＰＬセンター","広域営業部門広域チェーン第４営業部"
"広域営業部門広域チェーン第５営業部相模原広域ＴＰＬセンター","広域営業部門広域チェーン第５営業部"
"広域営業部門ドラッグストア第１営業部八王子広域ＴＰＬセンター","広域営業部門ドラッグストア第１営業部"
"広域営業部門広域関東物流支店","広域営業部門広域関東物流支店"
"広域営業部門広域関東物流支店ＴＰＬＣ運営第１課","広域営業部門広域関東物流支店"
"広域営業部門広域関東物流支店ロジスティクス営業課","広域営業部門広域関東物流支店"
"広域営業部門広域チェーン第２営業部川崎生鮮広域ＴＰＬセンター","広域営業部門広域チェーン第２営業部"
"広域営業部門広域チェーン第５営業部大宮広域ＴＰＬセンター","広域営業部門広域チェーン第５営業部"
"広域営業部門ドラッグストア第１営業部群馬チルド広域ＴＰＬセンター","広域営業部門ドラッグストア第１営業部"
"広域営業部門広域中部物流支店","広域営業部門広域中部"
"広域営業部門広域中部物流支店ＴＰＬＣ運営課","広域営業部門広域中部"
"広域営業部門広域チェーン第３営業部名古屋広域ＴＰＬセンター","広域営業部門広域チェーン第３営業部"
"広域営業部門広域チェーン第２営業部春日井フローズン広域ＴＰＬセンター","広域営業部門広域チェーン第２営業部"
"広域営業部門広域中部物流支店ロジスティクス営業課","広域営業部門広域中部"
"広域営業部門広域中部物流支店北陸物流営業所","広域営業部門広域中部"
"広域営業部門広域近畿物流支店","広域営業部門広域近畿物流支店"
"広域営業部門広域近畿物流支店ＴＰＬＣ運営課","広域営業部門広域近畿物流支店"
"広域営業部門広域近畿物流支店ロジスティクス営業課","広域営業部門広域近畿物流支店"
"広域営業部門広域中四国物流支店","広域営業部門広域中四国物流支店"
"広域営業部門広域中四国物流支店ＴＰＬＣ運営課","広域営業部門広域中四国物流支店"
"広域営業部門広域九州物流支店","広域営業部門広域九州物流支店"
"広域営業部門広域九州物流支店ＴＰＬＣ運営課","広域営業部門広域九州物流支店"
"広域営業部門広域九州物流支店ロジスティクス営業課","広域営業部門広域九州物流支店"
"広域営業部門広域九州物流支店鹿児島物流営業所","広域営業部門広域九州物流支店"
"広域営業部門広域九州物流支店沖縄物流営業所","広域営業部門広域九州物流支店"
"広域営業部門広域チェーン第５営業部稲沢広域ＴＰＬセンター","広域営業部門広域チェーン第５営業部"
"広域営業部門広域チェーン第５営業部千葉広域ＴＰＬセンター","広域営業部門広域チェーン第５営業部"
"広域営業部門広域チェーン第５営業部瑞穂広域ＴＰＬセンター","広域営業部門広域チェーン第５営業部"
"東日本営業部門北東北支店","東日本営業部門北東北支店"
"東日本営業部門北東北支店営業第１課","東日本営業部門北東北支店"
"東日本営業部門北東北支店営業第２課（八戸）","東日本営業部門北東北支店"
"東日本営業部門北東北支店営業第３課（青森）","東日本営業部門北東北支店"
"東日本営業部門北東北支店物流課","東日本営業部門北東北支店"
"東日本営業部門北東北支店営業第４課（秋田）","東日本営業部門北東北支店"
"東日本営業部門北東北支店北上ＴＰＬセンター","東日本営業部門北東北支店"
"東日本営業部門北東北支店花巻ＴＰＬセンター","東日本営業部門北東北支店"
"東日本営業部門北東北支店盛岡物流センター","東日本営業部門北東北支店"
"東日本営業部門北東北支店秋田物流センター","東日本営業部門北東北支店"
"東日本営業部門北東北支店ＴＰＬＣ運営課","東日本営業部門北東北支店"
"東日本営業部門北東北支店八戸物流センター","東日本営業部門北東北支店"
"東日本営業部門北東北支店青森物流センター","東日本営業部門北東北支店"
"東日本営業部門北東北支店黒石ＴＰＬセンター","東日本営業部門北東北支店"
"東日本営業部門北東北支店青森ＴＰＬセンター","東日本営業部門北東北支店"
"東日本営業部門東北生鮮・デリカ営業部","東日本営業部門東北生鮮・デリカ営業部"
"東日本営業部門東北生鮮・デリカ営業部営業第１課","東日本営業部門東北生鮮・デリカ営業部"
"東日本営業部門東北生鮮・デリカ営業部営業第２課","東日本営業部門東北生鮮・デリカ営業部"
"東日本営業部門東北生鮮・デリカ営業部営業第３課","東日本営業部門東北生鮮・デリカ営業部"
"東日本営業部門南東北支店","東日本営業部門南東北支店"
"東日本営業部門南東北支店営業第１課","東日本営業部門南東北支店"
"東日本営業部門南東北支店営業第２課（郡山）","東日本営業部門南東北支店"
"東日本営業部門南東北支店酒田営業所","東日本営業部門南東北支店"
"東日本営業部門南東北支店いわき営業所","東日本営業部門南東北支店"
"東日本営業部門南東北支店物流課","東日本営業部門南東北支店"
"東日本営業部門南東北支店東北日配物流センター","東日本営業部門南東北支店"
"東日本営業部門南東北支店岩沼物流センター","東日本営業部門南東北支店"
"東日本営業部門南東北支店郡山物流センター","東日本営業部門南東北支店"
"東日本営業部門南東北支店いわき物流センター","東日本営業部門南東北支店"
"東日本営業部門南東北支店仙台ＴＰＬセンター","東日本営業部門南東北支店"
"東日本営業部門南東北支店山形北ＴＰＬセンター","東日本営業部門南東北支店"
"東日本営業部門南東北支店仙台卸町フローズン物流センター","東日本営業部門南東北支店"
"東日本営業部門南東北支店仙台港チルド物流センター","東日本営業部門南東北支店"
"東日本営業部門南東北支店仙台日の出町低温物流センター","東日本営業部門南東北支店"
"東日本営業部門東京中央支店","東日本営業部門東京中央支店"
"東日本営業部門東京中央支店営業第１課","東日本営業部門東京中央支店"
"東日本営業部門東京中央支店営業第２課","東日本営業部門東京中央支店"
"東日本営業部門東京中央支店物流課","東日本営業部門東京中央支店"
"東日本営業部門東京中央支店野田物流センター","東日本営業部門東京中央支店"
"東日本営業部門東京中央支店川崎物流センター","東日本営業部門東京中央支店"
"東日本営業部門東京中央支店東京中央物流センター","東日本営業部門東京中央支店"
"東日本営業部門東京中央支店八潮物流センター","東日本営業部門東京中央支店"
"東日本営業部門東京中央支店八潮ＴＰＬセンター","東日本営業部門東京中央支店"
"東日本営業部門東関東支店","東日本営業部門東関東支店"
"東日本営業部門東関東支店営業第１課","東日本営業部門東関東支店"
"東日本営業部門東関東支店営業第２課","東日本営業部門東関東支店"
"東日本営業部門東関東支店営業第３課（茨城）","東日本営業部門東関東支店"
"東日本営業部門東関東支店物流課","東日本営業部門東関東支店"
"東日本営業部門東関東支店千葉チルド物流センター","東日本営業部門東関東支店"
"東日本営業部門東関東支店千葉中央物流センター","東日本営業部門東関東支店"
"東日本営業部門東関東支店千葉北フローズン物流センター","東日本営業部門東関東支店"
"東日本営業部門東関東支店千葉物流センター","東日本営業部門東関東支店"
"東日本営業部門東京西支店","東日本営業部門東京西支店"
"東日本営業部門東京西支店営業第１課","東日本営業部門東京西支店"
"東日本営業部門東京西支店営業第２課","東日本営業部門東京西支店"
"東日本営業部門東京西支店物流課","東日本営業部門東京西支店"
"東日本営業部門東京西支店甲府物流センター","東日本営業部門東京西支店"
"東日本営業部門東京西支店東京西低温物流センター","東日本営業部門東京西支店"
"東日本営業部門東京西支店川崎京浜ＴＰＬセンター","東日本営業部門東京西支店"
"東日本営業部門東京西支店東京西物流センター","東日本営業部門東京西支店"
"東日本営業部門神奈川支店","東日本営業部門神奈川支店"
"東日本営業部門神奈川支店営業第１課","東日本営業部門神奈川支店"
"東日本営業部門神奈川支店営業第２課","東日本営業部門神奈川支店"
"東日本営業部門神奈川支店営業第３課","東日本営業部門神奈川支店"
"東日本営業部門神奈川支店物流課","東日本営業部門神奈川支店"
"東日本営業部門神奈川支店相模原チルド物流センター","東日本営業部門神奈川支店"
"東日本営業部門神奈川支店綾瀬ＴＰＬセンター","東日本営業部門神奈川支店"
"東日本営業部門神奈川支店神奈川物流センター","東日本営業部門神奈川支店"
"東日本営業部門神奈川支店相模原花卉加工センター","東日本営業部門神奈川支店"
"東日本営業部門関東第１広域支店","東日本営業部門関東第１広域支店"
"東日本営業部門関東第１広域支店営業第１課","東日本営業部門関東第１広域支店"
"東日本営業部門関東第１広域支店営業第２課","東日本営業部門関東第１広域支店"
"東日本営業部門関東第１広域支店営業第３課","東日本営業部門関東第１広域支店"
"東日本営業部門関東第１広域支店川崎扇町ＡＴＰＬセンター","東日本営業部門関東第１広域支店"
"東日本営業部門関東第１広域支店東扇島生鮮ＡＴＰＬセンター","東日本営業部門関東第１広域支店"
"東日本営業部門関東第１広域支店草加ＡＴＰＬセンター","東日本営業部門関東第１広域支店"
"東日本営業部門関東第１広域支店船橋ＡＴＰＬセンター","東日本営業部門関東第１広域支店"
"東日本営業部門関東第２広域支店","東日本営業部門関東第２広域支店"
"東日本営業部門関東第２広域支店営業第１課","東日本営業部門関東第２広域支店"
"東日本営業部門関東第２広域支店営業第２課","東日本営業部門関東第２広域支店"
"東日本営業部門関東第２広域支店営業第３課（茨城）","東日本営業部門関東第２広域支店"
"東日本営業部門関東生鮮・デリカ営業部","東日本営業部門関東生鮮・デリカ営業部"
"東日本営業部門関東生鮮・デリカ営業部営業第１課","東日本営業部門関東生鮮・デリカ営業部"
"東日本営業部門関東生鮮・デリカ営業部営業第２課","東日本営業部門関東生鮮・デリカ営業部"
"東日本営業部門関東生鮮・デリカ営業部営業第３課","東日本営業部門関東生鮮・デリカ営業部"
"東日本営業部門関東生鮮・デリカ営業部営業第４課","東日本営業部門関東生鮮・デリカ営業部"
"東日本営業部門埼玉支店","東日本営業部門埼玉支店"
"東日本営業部門埼玉支店営業第１課","東日本営業部門埼玉支店"
"東日本営業部門埼玉支店営業第２課","東日本営業部門埼玉支店"
"東日本営業部門埼玉支店営業第３課","東日本営業部門埼玉支店"
"東日本営業部門埼玉支店物流課","東日本営業部門埼玉支店"
"東日本営業部門埼玉支店伊奈チルド物流センター","東日本営業部門埼玉支店"
"東日本営業部門埼玉支店さいたま岩槻物流センター","東日本営業部門埼玉支店"
"東日本営業部門埼玉支店さいたま岩槻ＴＰＬセンター","東日本営業部門埼玉支店"
"東日本営業部門埼玉支店埼玉チルドＴＰＬセンター","東日本営業部門埼玉支店"
"東日本営業部門埼玉支店船橋生鮮ＴＰＬセンター","東日本営業部門埼玉支店"
"東日本営業部門埼玉支店埼玉物流センター","東日本営業部門埼玉支店"
"東日本営業部門茨城支店営業第１課","東日本営業部門茨城支店"
"東日本営業部門東関東支店土浦物流センター","東日本営業部門東関東支店"
"東日本営業部門東関東支店神栖生鮮ＴＰＬセンター","東日本営業部門東関東支店"
"東日本営業部門東関東支店茨城物流センター","東日本営業部門東関東支店"
"東日本営業部門北関東支店","東日本営業部門北関東支店"
"東日本営業部門北関東支店営業第１課","東日本営業部門北関東支店"
"東日本営業部門北関東支店営業第２課","東日本営業部門北関東支店"
"東日本営業部門北関東支店物流課","東日本営業部門北関東支店"
"東日本営業部門北関東支店宇都宮物流センター","東日本営業部門北関東支店"
"東日本営業部門長野支店","東日本営業部門長野支店"
"東日本営業部門長野支店営業課","東日本営業部門長野支店"
"東日本営業部門長野支店物流課","東日本営業部門長野支店"
"東日本営業部門長野支店松本ＴＰＬセンター","東日本営業部門長野支店"
"東日本営業部門長野支店松本物流センター","東日本営業部門長野支店"
"東日本営業部門新潟支店","東日本営業部門新潟支店"
"東日本営業部門新潟支店営業課","東日本営業部門新潟支店"
"東日本営業部門新潟支店物流課","東日本営業部門新潟支店"
"東日本営業部門新潟支店長岡物流センター","東日本営業部門新潟支店"
"東日本営業部門新潟支店新潟物流センター","東日本営業部門新潟支店"
"東日本営業部門新潟支店長岡中之島ＴＰＬセンター","東日本営業部門新潟支店"
"東日本営業部門静岡支店","東日本営業部門静岡支店"
"東日本営業部門静岡支店営業第１課","東日本営業部門静岡支店"
"東日本営業部門静岡支店営業第２課","東日本営業部門静岡支店"
"東日本営業部門静岡支店物流課","東日本営業部門静岡支店"
"東日本営業部門静岡支店富士チルドＴＰＬセンター","東日本営業部門静岡支店"
"東日本営業部門名古屋支店","東日本営業部門名古屋支店"
"東日本営業部門名古屋支店営業第１課","東日本営業部門名古屋支店"
"東日本営業部門名古屋支店営業第２課","東日本営業部門名古屋支店"
"東日本営業部門名古屋支店営業第３課","東日本営業部門名古屋支店"
"東日本営業部門名古屋支店三重チルド物流センター","東日本営業部門名古屋支店"
"東日本営業部門名古屋支店ロジスティクス営業課","東日本営業部門名古屋支店"
"東日本営業部門名古屋支店物流課","東日本営業部門名古屋支店"
"東日本営業部門名古屋支店小牧物流センター","東日本営業部門名古屋支店"
"東日本営業部門名古屋支店三重営業所","東日本営業部門名古屋支店"
"東日本営業部門名古屋支店春日井物流センター","東日本営業部門名古屋支店"
"東日本営業部門名古屋支店三重物流センター","東日本営業部門名古屋支店"
"東日本営業部門浜松支店","東日本営業部門浜松支店"
"東日本営業部門浜松支店営業第１課","東日本営業部門浜松支店"
"東日本営業部門浜松支店営業第２課","東日本営業部門浜松支店"
"東日本営業部門浜松支店物流課","東日本営業部門浜松支店"
"東日本営業部門浜松支店浜松物流センター","東日本営業部門浜松支店"
"東日本営業部門浜松支店浜松ＴＰＬセンター","東日本営業部門浜松支店"
"東日本営業部門名古屋支店営業第４課（北陸）","東日本営業部門名古屋支店"
"東日本営業部門名古屋支店北陸物流センター","東日本営業部門名古屋支店"
"東日本営業部門中部生鮮・デリカ営業部","東日本営業部門中部生鮮・デリカ営業部"
"東日本営業部門中部生鮮・デリカ営業部営業第１課","東日本営業部門中部生鮮・デリカ営業部"
"東日本営業部門中部生鮮・デリカ営業部営業第２課","東日本営業部門中部生鮮・デリカ営業部"
"西日本営業部門","西日本営業部門"
"西日本営業部門企画統括部","西日本営業部門企画統括部"
"西日本営業部門企画統括部企画統括課","西日本営業部門企画統括部"
"西日本営業部門企画統括部近畿営業企画課","西日本営業部門企画統括部"
"西日本営業部門企画統括部中四国営業企画課","西日本営業部門企画統括部"
"西日本営業部門企画統括部九州営業企画課","西日本営業部門企画統括部"
"西日本営業部門企画統括部ＢＰＲ推進課","西日本営業部門企画統括部"
"西日本営業部門物流統括部","西日本営業部門物流統括部"
"西日本営業部門物流統括部物流企画課","西日本営業部門物流統括部"
"西日本営業部門物流推進部汎用物流課","西日本営業部門物流推進部"
"西日本営業部門物流統括部物流管理課","西日本営業部門物流統括部"
"西日本営業部門３ＰＬ事業部","西日本営業部門３ＰＬ事業部"
"西日本営業部門３ＰＬ事業部３ＰＬ事業推進課","西日本営業部門３ＰＬ事業部"
"西日本営業部門３ＰＬ事業部３ＰＬ事業管理課","西日本営業部門３ＰＬ事業部"
"西日本営業部門物流推進部","西日本営業部門物流推進部"
"西日本営業部門物流推進部ロジスティクス営業課","西日本営業部門物流推進部"
"西日本営業部門管理部","西日本営業部門管理部"
"西日本営業部門管理部管理統括課","西日本営業部門管理部"
"西日本営業部門管理部近畿管理課","西日本営業部門管理部"
"西日本営業部門管理部中四国管理課","西日本営業部門管理部"
"西日本営業部門管理部九州管理課","西日本営業部門管理部"
"西日本営業部門京都支店","西日本営業部門京都支店"
"西日本営業部門京都支店営業課","西日本営業部門京都支店"
"西日本営業部門京都支店物流課","西日本営業部門京都支店"
"西日本営業部門京都支店京都市乳チルド物流センター","西日本営業部門京都支店"
"西日本営業部門大阪支店","西日本営業部門大阪支店"
"西日本営業部門大阪支店営業第１課","西日本営業部門大阪支店"
"西日本営業部門大阪支店営業第２課","西日本営業部門大阪支店"
"西日本営業部門大阪支店営業第３課","西日本営業部門大阪支店"
"西日本営業部門大阪支店物流課","西日本営業部門大阪支店"
"西日本営業部門大阪支店堺フローズン物流センター","西日本営業部門大阪支店"
"西日本営業部門大阪支店北大阪物流センター","西日本営業部門大阪支店"
"西日本営業部門大阪支店泉南第１物流センター","西日本営業部門大阪支店"
"西日本営業部門大阪支店北摂チルド物流センター","西日本営業部門大阪支店"
"西日本営業部門大阪支店近畿低温物流センター","西日本営業部門大阪支店"
"西日本営業部門大阪支店泉大津フローズン物流センター","西日本営業部門大阪支店"
"西日本営業部門大阪支店北大阪フローズン物流センター","西日本営業部門大阪支店"
"西日本営業部門大阪支店伊丹フローズン物流センター","西日本営業部門大阪支店"
"西日本営業部門大阪支店北大阪フローズンＴＰＬセンター","西日本営業部門大阪支店"
"西日本営業部門大阪支店彩都ＴＰＬセンター","西日本営業部門大阪支店"
"西日本営業部門大阪支店住之江フローズンＴＰＬセンター","西日本営業部門大阪支店"
"西日本営業部門大阪支店大阪ＴＰＬセンター","西日本営業部門大阪支店"
"西日本営業部門大阪支店渋川ＴＰＬセンター","西日本営業部門大阪支店"
"西日本営業部門和歌山支店","西日本営業部門和歌山支店"
"西日本営業部門和歌山支店営業課","西日本営業部門和歌山支店"
"西日本営業部門和歌山支店物流課","西日本営業部門和歌山支店"
"西日本営業部門和歌山支店和歌山フローズン物流センター","西日本営業部門和歌山支店"
"西日本営業部門神戸支店","西日本営業部門神戸支店"
"西日本営業部門神戸支店営業第１課","西日本営業部門神戸支店"
"西日本営業部門神戸支店営業第２課","西日本営業部門神戸支店"
"西日本営業部門神戸支店物流課","西日本営業部門神戸支店"
"西日本営業部門神戸支店阪神ＴＰＬセンター","西日本営業部門神戸支店"
"西日本営業部門神戸支店鳴尾浜ＴＰＬセンター","西日本営業部門神戸支店"
"西日本営業部門神戸支店六甲アイランドチルドＴＰＬセンター","西日本営業部門神戸支店"
"西日本営業部門神戸支店鳴尾浜物流センター","西日本営業部門神戸支店"
"西日本営業部門神戸支店鳴尾浜フローズン物流センター","西日本営業部門神戸支店"
"西日本営業部門神戸支店西宮ＴＰＬセンター","西日本営業部門神戸支店"
"西日本営業部門姫路支店","西日本営業部門姫路支店"
"西日本営業部門姫路支店営業課","西日本営業部門姫路支店"
"西日本営業部門姫路支店物流課","西日本営業部門姫路支店"
"西日本営業部門姫路支店姫路フローズン物流センター","西日本営業部門姫路支店"
"西日本営業部門姫路支店姫路物流センター","西日本営業部門姫路支店"
"西日本営業部門近畿広域支店","西日本営業部門近畿広域支店"
"西日本営業部門近畿広域支店営業第１課","西日本営業部門近畿広域支店"
"西日本営業部門近畿広域支店営業第２課","西日本営業部門近畿広域支店"
"西日本営業部門近畿広域支店営業第３課","西日本営業部門近畿広域支店"
"西日本営業部門近畿広域支店物流課","西日本営業部門近畿広域支店"
"西日本営業部門近畿広域支店南港ＡＴＰＬセンター","西日本営業部門近畿広域支店"
"西日本営業部門近畿広域支店福知山ＡＴＰＬセンター","西日本営業部門近畿広域支店"
"西日本営業部門近畿広域支店茨木チルドＡＴＰＬセンター","西日本営業部門近畿広域支店"
"西日本営業部門近畿広域支店大阪ＡＴＰＬセンター","西日本営業部門近畿広域支店"
"西日本営業部門近畿広域支店神戸三田ＡＴＰＬセンター","西日本営業部門近畿広域支店"
"西日本営業部門近畿生鮮・デリカ営業部","西日本営業部門近畿生鮮・デリカ営業部"
"西日本営業部門近畿生鮮・デリカ営業部営業第１課","西日本営業部門近畿生鮮・デリカ営業部"
"西日本営業部門近畿生鮮・デリカ営業部営業第２課","西日本営業部門近畿生鮮・デリカ営業部"
"西日本営業部門近畿生鮮・デリカ営業部営業第３課","西日本営業部門近畿生鮮・デリカ営業部"
"西日本営業部門近畿生鮮・デリカ営業部営業第４課","西日本営業部門近畿生鮮・デリカ営業部"
"西日本営業部門西日本受発注業務部","西日本営業部門西日本受発注業務部"
"西日本営業部門西日本受発注業務部受発注業務第１課","西日本営業部門西日本受発注業務部"
"西日本営業部門西日本受発注業務部受発注業務第２課","西日本営業部門西日本受発注業務部"
"西日本営業部門西日本受発注業務部受発注業務第３課","西日本営業部門西日本受発注業務部"
"西日本営業部門西日本受発注業務部受発注業務第４課","西日本営業部門西日本受発注業務部"
"西日本営業部門西日本受発注業務部受発注管理課","西日本営業部門西日本受発注業務部"
"西日本営業部門中四国第２広域支店","西日本営業部門中四国第２広域支店"
"西日本営業部門中四国第２広域支店営業第１課","西日本営業部門中四国第２広域支店"
"西日本営業部門中四国第２広域支店営業第２課","西日本営業部門中四国第２広域支店"
"西日本営業部門中四国第２広域支店営業第３課","西日本営業部門中四国第２広域支店"
"西日本営業部門中四国第２広域支店物流課","西日本営業部門中四国第２広域支店"
"西日本営業部門中四国第２広域支店津山ＡＴＰＬセンター","西日本営業部門中四国第２広域支店"
"西日本営業部門中四国第２広域支店岡山南物流センター","西日本営業部門中四国第２広域支店"
"西日本営業部門中四国第２広域支店岡山物流センター","西日本営業部門中四国第２広域支店"
"西日本営業部門中四国第２広域支店早島物流センター","西日本営業部門中四国第２広域支店"
"西日本営業部門中四国第２広域支店福山物流センター","西日本営業部門中四国第２広域支店"
"西日本営業部門中四国第２広域支店ＴＰＬＣ運営課","西日本営業部門中四国第２広域支店"
"西日本営業部門中四国第２広域支店岡山南チルドＡＴＰＬセンター","西日本営業部門中四国第２広域支店"
"西日本営業部門山陰支店","西日本営業部門山陰支店"
"西日本営業部門山陰支店営業課","西日本営業部門山陰支店"
"西日本営業部門山陰支店物流課","西日本営業部門山陰支店"
"西日本営業部門山陰支店米子ＴＰＬセンター","西日本営業部門山陰支店"
"西日本営業部門中四国第１広域支店","西日本営業部門中四国第１広域支店"
"西日本営業部門中四国第１広域支店営業第１課","西日本営業部門中四国第１広域支店"
"西日本営業部門中四国第１広域支店営業第２課","西日本営業部門中四国第１広域支店"
"西日本営業部門中四国第１広域支店営業第３課","西日本営業部門中四国第１広域支店"
"西日本営業部門中四国第１広域支店物流課","西日本営業部門中四国第１広域支店"
"西日本営業部門中四国第１広域支店広島低温物流センター","西日本営業部門中四国第１広域支店"
"西日本営業部門中四国第１広域支店広島ＡＴＰＬセンター","西日本営業部門中四国第１広域支店"
"西日本営業部門中四国第１広域支店広島物流センター","西日本営業部門中四国第１広域支店"
"西日本営業部門中四国第１広域支店営業第４課（山口）","西日本営業部門中四国第１広域支店"
"西日本営業部門中四国第１広域支店山口生鮮ＡＴＰＬセンター","西日本営業部門中四国第１広域支店"
"西日本営業部門中四国第１広域支店山口物流センター","西日本営業部門中四国第１広域支店"
"西日本営業部門中四国第１広域支店山口低温物流センター","西日本営業部門中四国第１広域支店"
"西日本営業部門中四国第２広域支店営業第４課（高松）","西日本営業部門中四国第２広域支店"
"西日本営業部門中四国第２広域支店高知営業所","西日本営業部門中四国第２広域支店"
"西日本営業部門中四国第２広域支店高松物流センター","西日本営業部門中四国第２広域支店"
"西日本営業部門松山支店","西日本営業部門松山支店"
"西日本営業部門松山支店営業課","西日本営業部門松山支店"
"西日本営業部門松山支店物流課","西日本営業部門松山支店"
"西日本営業部門中四国第２広域支店高知物流センター","西日本営業部門中四国第２広域支店"
"西日本営業部門中四国第２広域支店高知南国物流センター","西日本営業部門中四国第２広域支店"
"西日本営業部門中四国第２広域支店善通寺低温物流センター","西日本営業部門中四国第２広域支店"
"西日本営業部門中四国第１広域支店広島倉敷生鮮ＡＴＰＬセンター","西日本営業部門中四国第１広域支店"
"西日本営業部門中四国生鮮・デリカ営業部","西日本営業部門中四国生鮮・デリカ営業部"
"西日本営業部門中四国生鮮・デリカ営業部所属出向【株式会社フジデリカ・クオリティ】","西日本営業部門中四国生鮮・デリカ営業部"
"西日本営業部門中四国生鮮・デリカ営業部営業第１課","西日本営業部門中四国生鮮・デリカ営業部"
"西日本営業部門中四国生鮮・デリカ営業部営業第２課","西日本営業部門中四国生鮮・デリカ営業部"
"西日本営業部門中四国生鮮・デリカ営業部営業第３課","西日本営業部門中四国生鮮・デリカ営業部"
"西日本営業部門中四国受発注業務部","西日本営業部門中四国受発注業務部"
"西日本営業部門中四国受発注業務部受発注管理課","西日本営業部門中四国受発注業務部"
"西日本営業部門中四国受発注業務部受発注業務第１課","西日本営業部門中四国受発注業務部"
"西日本営業部門中四国受発注業務部受発注業務第２課","西日本営業部門中四国受発注業務部"
"西日本営業部門中四国受発注業務部受発注業務第３課（福山）","西日本営業部門中四国受発注業務部"
"西日本営業部門九州広域支店営業課","西日本営業部門九州広域支店"
"西日本営業部門九州広域支店営業３課","西日本営業部門九州広域支店"
"西日本営業部門九州広域支店新門司ＴＰＬセンター","西日本営業部門九州広域支店"
"西日本営業部門九州広域支店新門司チルドＴＰＬセンター","西日本営業部門九州広域支店"
"西日本営業部門九州広域支店大分ＴＰＬセンター","西日本営業部門九州広域支店"
"西日本営業部門九州広域支店北九州物流センター","西日本営業部門九州広域支店"
"西日本営業部門九州広域支店営業第１課","西日本営業部門九州広域支店"
"西日本営業部門九州広域支店物流課","西日本営業部門九州広域支店"
"西日本営業部門九州広域支店受発注業務課","西日本営業部門九州広域支店"
"西日本営業部門九州広域支店福岡南物流センター","西日本営業部門九州広域支店"
"西日本営業部門九州広域支店九州幹線物流センター","西日本営業部門九州広域支店"
"西日本営業部門九州広域支店御船物流センター","西日本営業部門九州広域支店"
"西日本営業部門九州広域支店福岡粕屋物流センター","西日本営業部門九州広域支店"
"西日本営業部門九州広域支店福岡須恵フローズン物流センター","西日本営業部門九州広域支店"
"西日本営業部門九州広域支店ＴＰＬＣ運営課","西日本営業部門九州広域支店"
"西日本営業部門九州広域支店福岡北物流センター","西日本営業部門九州広域支店"
"西日本営業部門九州広域支店福岡粕屋フローズン物流センター","西日本営業部門九州広域支店"
"西日本営業部門長崎支店","西日本営業部門長崎支店"
"西日本営業部門長崎支店営業第１課","西日本営業部門長崎支店"
"西日本営業部門長崎支店営業第２課","西日本営業部門長崎支店"
"西日本営業部門長崎支店物流課","西日本営業部門長崎支店"
"西日本営業部門長崎支店東彼杵ＴＰＬセンター","西日本営業部門長崎支店"
"西日本営業部門長崎支店東彼杵低温物流センター","西日本営業部門長崎支店"
"西日本営業部門鹿児島支店","西日本営業部門鹿児島支店"
"西日本営業部門鹿児島支店営業課","西日本営業部門鹿児島支店"
"西日本営業部門鹿児島支店物流課","西日本営業部門鹿児島支店"
"西日本営業部門鹿児島支店伊集院物流センター","西日本営業部門鹿児島支店"
"西日本営業部門鹿児島支店宮崎物流センター","西日本営業部門鹿児島支店"
"西日本営業部門九州広域支店","西日本営業部門九州広域支店"
"西日本営業部門九州広域支店営業第２課","西日本営業部門九州広域支店"
"西日本営業部門九州広域支店高岡チルドＡＴＰＬセンター","西日本営業部門九州広域支店"
"西日本営業部門九州生鮮・デリカ営業部","西日本営業部門九州生鮮・デリカ営業部"
"西日本営業部門九州生鮮・デリカ営業部営業第１課","西日本営業部門九州生鮮・デリカ営業部"
"西日本営業部門九州生鮮・デリカ営業部営業第２課","西日本営業部門九州生鮮・デリカ営業部"
